dx1,dy1,dx2,dy2,dx3,dy3,dx4,dy4,dx5,dy5,dx6,dy6,dx7,dy7,dx8,dy8,dx9,dy9,dx10,dy10,Distance,Username
-64,-253,-99,-397,-248,-259,-350,6,-380,220,-85,232,251,344,388,97,324,-183,5,-298,3560.865743,Zack
-307,-78,-113,40,-45,74,-24,218,49,167,149,168,292,68,298,-94,113,-364,-91,-167,2324.753242,Zack
-779,460,-263,146,-118,-254,162,-244,361,111,387,370,492,75,479,-594,382,183,-85,407,4791.640052,Zack
-745,339,732,34,476,-766,-62,-548,-378,-6,-873,105,-382,326,137,-118,1417,-393,124,10,6539.875062,Zack
-436,705,577,-562,-743,549,-226,36,7,-5,-172,198,4,-25,-219,-908,-369,264,503,1325,5888.274383,Zack
-217,16,34,13,0,0,15,14,144,218,12,23,6,-192,1,-1,53,-85,-167,330,1225.244054,Zack
14,-3,1,0,0,-1,0,0,0,0,0,0,-220,-178,-154,12,1758,314,-365,1119,3416.621965,Zack
-486,599,0,0,43,-12,-14,22,-100,183,74,-202,0,0,358,936,-70,-534,-303,607,3484.867739,Zack
906,-1528,80,12,-655,853,126,-712,549,-119,-295,63,-148,249,37,848,-286,-665,34,-95,6482.499077,Zack
703,-46,80,-76,8,-13,3,190,-479,208,-545,-98,0,0,-4,12,-43,-54,-12,43,2222.409981,Zack
2,333,-12,202,-2,40,101,418,65,-3,25,4,-69,-251,-6,13,23,50,33,-161,1589.841055,Zack
-343,375,550,-497,117,0,28,19,-233,335,-73,-354,160,2,0,0,-1330,835,-323,-37,4225.357854,Zack
1278,-680,-8,-19,22,-11,254,-25,-8,2,19,79,-56,-4,-27,291,-314,975,59,-45,3284.496164,Zack
-88,-11,1,-8,-179,-628,-307,-479,-19,-35,-178,-21,-260,24,-363,165,205,743,391,-626,3706.440424,Zack
-389,-467,581,702,60,142,0,-19,108,36,47,-18,0,0,117,-386,122,156,153,73,2627.266964,Zack
35,-361,39,353,-159,539,225,218,-152,149,-546,-41,-10,1,-112,36,173,-12,3,-27,2681.752776,Zack
349,-706,0,0,0,0,6,-14,134,-215,-181,-554,-147,25,0,0,46,-77,0,0,1877.745282,Zack
-42,-9,-1107,214,713,403,0,0,-3,770,122,164,-98,-77,-889,-260,100,-626,0,0,4648.674874,Zack
702,-399,617,-114,141,21,17,6,-7,19,-1177,1366,426,-375,212,71,-1160,-844,191,282,5985.133502,Zack
623,-118,-220,40,0,0,-1308,303,214,-958,-45,559,518,-17,346,348,200,60,280,96,5256.558299,Zack
395,156,201,18,60,-84,-137,-227,-228,-117,31,-88,21,-92,22,-90,-28,-70,16,-147,1754.703968,Zack
-653,-125,-281,33,-142,74,-110,406,57,151,323,820,296,-68,-125,40,37,2,18,-144,3188.401541,Zack
-892,241,42,223,5,441,-2,-8,889,-252,240,-193,0,0,0,0,42,-36,1253,-784,4365.559131,Zack
-721,1592,-184,-39,153,9,-54,3,-20,1,-450,-1324,-73,34,17,660,-12,94,-705,-58,5104.393887,Zack
0,0,0,0,67,-26,990,-691,-42,-34,378,36,34,57,131,213,101,-15,74,59,2226.097949,Zack
-1733,171,820,-443,213,486,211,19,150,-108,-432,-186,-366,95,787,503,323,-107,-843,-147,6579.208052,Zack
-18,-9,-95,96,-48,357,1168,126,989,210,-630,-693,-1407,334,26,-495,0,0,241,-349,6003.691923,Zack
682,-80,811,20,87,1,43,-14,18,63,113,-69,60,-1,-69,33,0,0,-210,605,2604.975592,Zack
-1264,-172,-795,-27,21,64,568,-244,646,-172,-37,498,71,332,116,44,4,0,416,-294,4901.508849,Zack
-733,-122,-341,209,617,38,508,120,-273,277,215,-427,-590,-99,-653,-66,451,-202,0,-1,4899.924282,Zack
0,0,0,0,0,0,0,0,54,-11,10,-1,843,-1072,8,1599,0,-1599,0,0,4626.935814,Gunt
-2133,-331,0,331,0,-808,658,-791,1901,1599,0,0,-1,0,-1280,0,-1278,0,0,0,9369.503994,Gunt
996,-158,213,45,255,156,155,12,-19,15,-28,-1,275,-261,509,-1306,163,1599,0,-1599,6719.886768,Gunt
-176,1084,-2383,0,0,-815,109,-784,2338,0,112,1599,0,0,0,-1599,0,1599,-1103,-128,13337.05562,Gunt
0,-1478,2559,0,0,71,0,1528,0,-161,-389,-1154,-2128,1315,-42,-61,0,-1538,0,0,11128.38219,Gunt
332,1599,0,0,0,0,0,0,-846,-376,-1713,-1223,0,0,2559,0,0,169,0,1430,8821.675307,Gunt
-941,0,-1618,-1518,0,-81,0,0,2559,0,0,1599,0,0,0,0,-716,0,-1843,-1300,10369.97404,Gunt
2559,0,-178,0,178,1599,0,0,-28,0,-2531,0,0,-1599,0,0,0,0,2559,0,11062.87694,Gunt
0,0,-995,0,-1564,-781,0,-818,0,0,2557,0,2,0,0,1599,0,0,0,0,7719.158174,Gunt
-1261,-1512,0,0,2559,0,0,1599,0,0,0,-1559,-2501,1559,-58,-1599,0,0,0,0,12232.989,Gunt
90,1599,0,-1063,0,1063,-498,0,-2061,-450,0,-1149,0,0,2559,0,0,1599,0,0,11642.08552,Gunt
-203,-11,-2356,11,0,-615,0,-984,102,0,227,381,2230,1218,0,-1599,0,1599,-2471,-74,12914.87819,Gunt
0,-1419,510,0,2049,1599,0,-1599,0,1599,-215,0,-2344,0,0,-1599,136,0,-136,0,12156.07714,Gunt
0,0,0,0,-2559,-431,0,143,0,-1311,2559,0,0,0,0,1599,0,0,-1873,0,10080.04181,Gunt
0,-1544,2263,0,296,0,0,1599,0,0,0,0,-285,0,-2274,-181,0,-1418,0,0,9686.192013,Gunt
0,1599,0,0,0,0,-2559,0,0,-684,0,-915,2076,0,483,12,0,1587,0,0,9903.149045,Gunt
-2559,0,0,-412,0,-1187,2547,0,12,95,0,1498,0,-1166,0,1172,-2559,0,0,-13,13208.7549,Gunt
2559,0,0,1043,0,500,0,56,-1343,0,-1216,0,0,-1599,0,0,2559,0,0,265,11140,Gunt
-7,0,-2136,0,-416,-123,0,-1476,0,0,1409,0,1150,286,0,1313,0,0,-217,0,8176.832908,Gunt
-2174,-278,0,-1202,2471,0,-378,0,466,1599,0,-3,0,-1116,0,1119,-2559,-590,0,590,13362.3568,Gunt
0,0,0,0,0,0,-30,-10,-502,-68,-756,-69,-75,37,-57,88,-391,-501,35,-48,2180.749844,Wingus
871,-304,305,-252,-414,365,-1128,-365,2400,101,22,-84,-238,313,-54,-243,35,-66,-1766,392,8070.456571,Wingus
2011,61,-33,-41,-2217,227,850,-250,197,19,504,91,1021,-110,192,8,-14,13,-638,352,7856.054367,Wingus
-45,-8,-84,22,-226,-16,116,-28,21,4,1,-1,31,13,-11,14,-19,8,-675,225,1284.775628,Wingus
-83,-307,-307,402,-671,-195,-119,-155,-9,2,40,113,-60,408,-22,-469,11,-64,1,2,2796.182548,Wingus
-100,-202,-12,6,-165,157,-16,-11,0,2,2,5,212,33,18,38,-15,35,2,15,803.1863588,Wingus
329,160,14,-306,451,98,122,-149,-57,60,-398,-277,196,171,-148,45,-89,-30,-45,25,2454.12403,Wingus
-202,439,0,0,-10,-2,-1407,-593,-1160,-288,53,2,2,0,1,2,0,0,322,374,3766.31006,Wingus
54,80,-4,5,-26,-22,0,0,0,0,0,0,0,0,0,0,0,0,0,0,136.9813251,Wingus
0,0,0,0,0,0,0,0,0,0,0,0,0,0,0,0,0,0,345,-204,400.8004491,Wingus
1952,-535,484,-63,-159,34,49,-21,19,6,-2,0,-409,530,-515,-192,-9,102,0,15,4086.386976,Wingus
8,10,42,-113,51,-86,60,132,-53,756,-252,-222,-194,-54,76,-116,-76,59,-6,72,1980.553097,Wingus
-35,84,83,129,-593,-41,-158,-23,-321,264,-289,45,-48,10,-4,-3,0,0,0,0,1760.60536,Wingus
0,0,150,-676,257,44,533,-430,51,12,32,-12,62,7,-880,374,-249,391,14,153,3360.342437,Wingus
-1,6,0,10,-2,0,-5,-1,6,-18,78,-149,-243,-8,-48,-24,-45,-569,621,482,1864.018344,Wingus
-705,22,648,460,519,-256,-407,-28,-504,-91,197,366,47,114,-28,-16,0,-1,0,0,3571.037379,Wingus
0,0,0,0,0,0,0,0,0,0,0,0,0,0,0,0,0,0,0,0,0,Wingus
4,63,-9,54,-18,30,-3,4,-4,6,-3,0,0,-2,1,-1,0,0,0,0,171.4827467,Wingus
0,0,0,0,0,0,0,0,0,0,0,0,0,0,0,0,0,0,0,0,0,Wingus
54,-36,1447,-169,1170,-374,-55,11,5,-19,-25,-81,179,-310,3,8,-446,184,-1036,227,4820.118402,Wingus
2221,622,-1032,15,302,-374,-741,479,-213,196,-76,30,842,7,835,-99,-735,19,200,47,7696.343144,Wingus
643,-297,-22,-166,-768,212,261,-364,-681,-121,-176,428,-149,-193,354,564,79,-24,42,-89,4365.489321,Wingus
1035,986,266,-4,78,-18,58,11,-9,6,-257,-83,-907,-764,534,-43,463,763,117,149,4919.042727,Wingus
-753,-1072,-13,14,-2,2,0,1,-56,27,-3,8,-46,-46,-8,-5,0,9,0,316,1803.169829,Wingus
1157,-230,8,-325,0,0,-916,289,-1143,387,-5,-4,56,178,2,0,-13,11,-110,134,4057.385451,Wingus
-2,0,0,0,0,-2,0,0,-14,-1,-2,-1,-24,-29,-2,6,0,5,2,1,71.47542057,Wingus
0,0,199,-25,108,-388,-209,34,-637,19,474,333,174,135,-40,-74,-1,-23,0,0,2358.995378,Wingus
-106,-206,-9,-2,0,0,0,0,0,0,0,0,0,0,0,0,0,0,0,0,240.8917266,Wingus
0,0,0,0,0,0,0,0,0,0,0,0,0,0,0,0,0,0,0,0,0,Wingus
0,0,0,0,0,0,0,0,0,0,0,0,0,0,0,0,0,0,0,0,0,Wingus
0,0,-31,-1,-525,114,-1019,272,-11,81,-93,-9,1,1,360,-1060,125,37,-181,-28,3232.498706,Wingus
-194,-1,22,-8,25,25,19,349,25,34,-109,-422,-31,9,5,41,-111,344,134,-212,1766.183342,Wingus
769,276,322,172,-606,-318,-479,-170,-23,-105,-30,-49,-19,-30,-2,-5,0,0,-7,3,2588.184525,Wingus
3,30,116,310,-30,-33,-167,23,-6,21,-47,-185,-304,-44,15,3,1,1,324,112,1453.724806,Wingus
513,185,-171,-150,299,138,-448,-112,-13,-6,-358,-254,487,538,-135,-22,268,-80,-281,-105,3459.297854,Wingus
127,-33,-4,-4,-3,122,-448,139,833,-403,-421,270,27,-32,-30,41,29,-26,820,60,3107.29729,Wingus
391,-45,887,-86,106,-211,95,-418,-55,12,-29,-4,60,85,-907,285,134,-160,230,-217,3614.774786,Wingus
425,573,75,-10,-71,-14,-226,-52,160,-6,9,2,0,-1,99,-578,70,-5,2,3,1923.87911,Wingus
-202,247,-823,692,45,-38,-149,149,1,-2,0,1,83,7,1,1,62,-398,273,-218,2504.067669,Wingus
-154,606,-167,0,-69,-28,-40,22,6,-8,33,-3,46,0,-23,2,-54,-242,-27,-105,1380.967501,Wingus
-342,-381,-86,-105,-62,7,200,126,1399,39,56,-48,-43,-124,-72,79,-518,568,-108,-47,3544.427202,Wingus
181,-157,0,-2,-111,110,-253,322,-650,-309,8,26,-2,-9,0,-1,5,-11,-2,25,1601.673769,Wingus
-647,-74,77,22,2,2,5,7,0,0,-4,18,27,124,99,-25,220,-5,-8,-134,1344.477807,Wingus
209,74,-705,159,150,-5,-19,4,-29,3,-3,7,282,-76,817,-263,-426,-292,-95,36,2919.102089,Wingus
8,-4,4,17,-576,305,-235,-77,-10,68,0,-18,13,-3,0,-15,18,-18,0,0,1065.998335,Wingus
221,149,-6,-9,56,-820,-281,89,-197,-89,-11,14,593,498,232,162,-13,-14,-28,-3,2732.597699,Wingus
6,-302,-100,2,59,177,1,24,1,-4,0,0,0,0,-527,-39,-259,-160,2,178,1627.685789,Wingus
661,-245,-245,203,-130,-81,-3,8,-23,-7,-64,91,1419,0,71,11,307,167,182,187,3421.400208,Wingus
-26,31,-2,7,-17,-6,-116,17,236,-5,-75,-23,-372,-386,-157,16,-70,63,389,-11,1674.729587,Wingus
127,20,17,-2,14,3,-214,670,4,10,5,378,-637,-15,-187,-130,-79,-28,-321,-452,2755.276481,Wingus
2,-36,788,-128,-35,25,-925,679,-34,-19,7,-1,-14,-11,-6,-401,-244,-349,-22,48,2968.363537,Wingus
14,7,-1,-8,10,17,-211,15,-387,262,-1222,630,44,-190,6,-181,-5,-9,8,-110,2593.870492,Wingus
41,46,1273,79,-170,-225,-25,-61,12,-15,-294,-10,0,0,-4,-1,0,0,-1,-1,2003.911425,Wingus
102,127,15,20,0,0,0,0,0,0,-4,0,-239,97,329,-180,146,-130,21,36,1062.011428,Wingus
430,2,12,-7,511,642,18,15,738,150,18,-149,19,-25,28,-19,114,13,0,0,2371.017567,Wingus
11,12,0,3,1,-7,-7,2,-82,87,-41,9,-448,-132,-10,181,-6,-10,-66,-6,921.4113739,Wingus
-14,-42,94,-167,69,-50,-21,-21,-5,-6,-97,-145,-217,-108,83,17,92,43,-19,-202,1164.641033,Wingus
-13,-52,187,-56,-76,28,10,75,174,-77,19,24,-39,-23,-145,-22,-44,51,20,4,906.0392509,Wingus
178,69,208,46,29,-174,4,-2,2,35,243,638,570,-822,-15,17,0,19,-32,20,2382.270392,Wingus
814,407,80,-407,-3,38,-656,523,-632,-274,-131,-32,-466,-23,872,485,480,277,368,47,5415.194561,Wingus
0,0,-369,-221,-409,341,175,279,896,-129,838,134,-710,180,-858,-220,-145,-485,-308,420,5691.10968,Zack
793,575,141,-122,23,-471,-510,253,184,384,331,15,-791,-128,-588,-212,16,-110,-106,248,4771.196382,Zack
369,26,223,312,106,67,388,-41,731,-946,-967,-11,-40,0,48,359,20,37,0,0,3875.815896,Zack
-66,-342,0,0,-42,4,-796,23,0,0,0,0,976,-75,290,-53,66,24,-66,109,2658.165899,Zack
-236,253,-524,-1562,-264,133,64,-133,0,0,-42,192,-1,0,0,0,0,0,89,27,2727.286213,Zack
-394,0,96,68,-33,-33,11,8,-60,-18,-149,123,36,75,1,0,251,148,518,141,1740.190068,Zack
-148,-196,2,-17,0,0,172,-50,108,-329,-53,33,-29,-9,-4,-1,727,223,604,-241,2295.771239,Zack
-38,5,-1283,353,-336,132,418,307,141,35,-120,310,-213,350,710,74,-163,4,69,-15,4083.547237,Zack
0,0,-336,-795,-207,-57,-225,-425,-570,229,0,0,0,0,1658,811,251,-404,114,91,4640.167844,Zack
3,-58,74,-188,178,82,-18,261,-580,92,-403,-211,-266,-60,-130,-164,-94,-107,-133,-85,2542.088512,Zack
37,-197,800,864,859,-420,565,-362,-2345,789,331,167,1212,-638,-666,571,1164,322,-1950,-869,11439.57842,Zack
709,-247,275,247,407,-1041,-539,815,-593,-147,441,-2,236,-64,232,84,70,67,187,-166,5105.441225,Zack
185,-184,119,12,129,-52,49,68,88,124,80,-20,57,-25,58,2,-53,-46,-127,-53,1166.012872,Zack
-145,157,-138,46,-120,-43,-68,-36,-95,-57,-73,-113,-39,-16,-94,23,-67,21,-82,153,1191.639491,Zack
-102,-439,-118,72,-99,158,-37,109,-76,23,-13,-300,-22,-102,-274,52,-76,166,319,-358,2315.485282,Zack
647,92,158,-708,346,756,-940,51,-692,-709,-237,573,730,-151,1331,-673,246,-248,-44,19,7396.697299,Zack
-508,235,255,-257,-2068,529,-42,125,-9,23,-39,337,88,-187,609,-80,-78,-19,263,633,5138.812098,Zack
-497,-1079,-54,152,-4,-45,976,370,12,-30,84,685,85,-727,-35,311,35,290,24,126,4625.952056,Zack
-47,-405,-1439,-172,71,-200,0,2,328,783,625,-203,-127,203,1428,-1599,71,0,0,0,6031.533384,Zack
-1341,877,505,0,378,-9,62,-12,-766,-491,-358,-485,1106,-409,-3,37,669,-229,92,26,6080.279541,Zack
4,-31,0,0,-806,891,-329,35,-524,24,25,-87,67,-23,-6,-186,-11,-52,-5,99,2587.859536,Zack
-792,-253,36,48,13,-21,0,0,1249,158,158,-626,-157,106,-90,33,12,33,86,92,3267.055101,Zack
-10,29,76,1130,137,144,14,-5,-16,-6,-158,-72,-1278,-666,86,203,1598,576,-225,-21,5153.781596,Zack
-813,-1183,-119,824,-147,151,927,172,-12,51,42,5,-27,-4,-736,-185,0,0,112,-640,4952.141375,Zack
20,-100,207,532,-147,-206,-135,-197,-265,56,0,0,366,-865,351,323,71,64,-36,161,3112.384047,Zack
-923,173,173,541,154,-442,0,-1,0,0,359,-181,267,385,588,14,-251,-928,-415,281,4897.387572,Zack
24,173,-95,562,-27,148,-99,34,124,69,236,12,277,-194,-447,-363,973,-163,616,-254,3944.835718,Zack
-29,387,-4,127,8,101,-865,-1244,-452,0,-16,0,-232,0,387,0,-97,0,280,0,3595.641242,Zack
799,0,26,0,-389,471,-694,723,-1005,-255,99,-231,765,255,767,-611,326,627,-632,169,6874.106196,Zack
570,-265,-648,105,-268,-6,551,-143,1023,-507,37,-32,0,0,-9,0,-11,0,-39,80,3422.024274,Zack
0,0,1177,37,1382,-37,0,248,0,1351,0,0,-457,0,-2102,0,0,-9,0,-1061,7788.076628,Gunt
1978,0,581,0,0,694,0,905,0,0,-684,-13,-1875,13,0,-917,17,-682,2497,0,10813.38044,Gunt
-2150,850,-409,-16,0,-1583,291,0,2268,0,0,1599,-233,0,-2326,0,0,-5,11,-1594,12620.2764,Gunt
2559,10,0,1589,0,0,-2559,0,0,-46,0,-1553,866,0,1693,0,-88,1599,-129,0,12595.43922,Gunt
0,-1595,106,0,2453,0,-77,1537,77,62,-2559,0,18,-183,-18,-1416,919,0,1640,23,12509.94482,Gunt
-2436,0,113,-1599,113,0,2333,0,-10,1599,-65,0,-2484,0,0,-1086,40,-513,2519,0,14752.5762,Gunt
-1554,855,-1005,-118,185,-1481,1678,0,696,23,-65,1576,-2198,0,-296,-47,3,-1552,1158,0,13437.52456,Gunt
-115,1599,-2444,-20,0,-119,0,-1460,1860,0,699,12,-2,17,-156,1570,-1560,0,-841,-5,12181.17828,Gunt
1967,0,402,23,-23,1576,-85,0,-2451,-38,8,-483,-6,-1078,1024,85,1239,102,294,1412,11756.19889,Gunt
-2559,-1,0,-1598,107,0,2452,0,0,0,0,1599,-38,0,-2521,0,0,-377,0,-1222,12473.0002,Gunt
1955,1346,-236,253,-2323,-19,0,-308,49,-1272,1160,0,1350,2,0,151,-54,1446,-811,0,11542.56497,Gunt
65,-1598,1037,0,1457,2,0,1351,-3,246,-1777,0,-779,-87,38,-1512,319,0,2202,3,12284.66366,Gunt
-2,702,-64,0,-1847,0,-557,-52,-89,52,0,0,0,-699,24,-900,2535,0,0,955,8364.822456,Gunt
-2545,-91,0,-1508,8,0,1791,0,760,26,0,1573,-95,0,-2464,-11,0,-514,0,-1074,12334.09556,Gunt
2127,173,-18,1426,-136,0,-2405,-3,0,-650,28,-946,58,0,1738,0,735,15,0,1584,11812.7067,Gunt
-2559,-2,0,-1068,24,-529,235,0,2300,0,0,116,0,1476,0,7,-2009,0,-550,-16,10849.7776,Gunt
2536,0,0,28,-34,1571,-200,0,-2325,0,0,-116,100,-1483,1170,0,1289,0,0,1599,12320.7356,Gunt
-2378,-164,47,-1435,408,0,2104,0,0,995,-38,604,-1172,0,-1349,-90,109,-1509,270,0,12238.54261,Gunt
0,1599,-2559,0,0,-45,0,-1554,239,0,2320,0,-39,1599,11,0,-2531,0,0,-617,13074.47554,Gunt
2559,0,0,1599,-27,0,-2532,-5,0,-70,37,-1524,453,0,2069,0,0,640,0,959,12432.45402,Gunt
-2107,-68,0,-1531,214,0,2345,0,0,1240,-115,359,-1713,-17,-731,-137,0,-1445,7,0,11723.87796,Gunt
2278,0,0,0,-21,1599,4,0,-1904,0,-638,0,0,-1427,0,-172,594,0,1965,0,10581.13789,Gunt
-1078,106,-1481,0,0,-1599,0,0,2559,0,0,80,-61,1519,-73,0,-2425,-15,0,-328,11148.46968,Gunt
2503,0,56,27,-2,1572,-166,0,-2391,0,0,-354,0,-1245,0,0,1892,0,667,0,10852.1704,Gunt
-104,149,-1894,0,-237,-36,-220,-1383,-93,-180,50,0,2498,0,0,166,-19,1433,-170,0,8235.544748,Gunt
-322,-307,50,-1292,76,0,925,0,1508,0,0,34,0,1565,0,0,-660,0,-1899,-15,8404.922988,Gunt
54,-1578,196,0,2309,0,0,267,-34,1332,-41,0,-1027,0,-1170,0,-287,0,0,-1349,9557.357547,Gunt
2552,0,0,1599,-5,0,-1301,0,-1162,0,-91,-29,179,-1570,-42,0,-41,0,2463,0,10840.68036,Gunt
-53,1170,-48,0,-2458,0,0,-34,18,-1565,35,0,1367,0,1139,0,0,833,-11,766,9416.382301,Gunt
-2524,0,0,-909,0,-690,442,0,1637,0,480,0,0,971,0,628,-9,0,-1327,0,9617,Gunt
0,-1236,21,-347,55,0,186,0,2297,0,0,0,0,1080,0,519,0,0,-704,0,6424.634866,Gunt
0,-909,0,-690,37,0,2196,0,326,0,0,1469,-16,130,-159,0,-2384,0,0,-15,8315.980915,Gunt
8,0,1287,0,1264,0,0,0,-26,920,-27,679,-81,0,-2425,0,0,-8,0,-1311,7983.903925,Gunt
1784,0,731,0,0,0,-5,1599,-54,0,-2426,0,-74,0,0,-745,0,-854,795,0,9062.007817,Gunt
0,730,0,869,0,0,-1804,0,-755,0,0,-38,64,-1079,64,-482,15,0,289,0,6067.126785,Gunt
40,815,0,784,-4,0,-1541,0,-1014,0,0,0,0,-738,14,-861,18,0,392,0,6168.094818,Gunt
0,73,0,1414,-8,112,-259,0,-2179,0,-113,0,0,-1064,51,-535,28,0,2480,0,8259.710694,Gunt
-22,1522,-555,0,-1982,-107,0,-149,43,-1343,59,0,547,0,1898,0,12,0,0,712,8782.733344,Gunt
-140,0,-2419,0,0,-1,0,-126,0,-1472,0,0,264,0,2295,0,0,0,0,200,6917,Gunt
-98,0,-2176,0,-228,0,0,-11,0,-889,0,-699,0,0,431,0,1434,0,694,0,6660,Gunt
0,0,0,0,-525,234,-461,-3,-28,-447,-240,865,-372,-102,20,91,-27,3,1,-90,2977.425277,Wingus
916,-410,46,-6,24,29,50,-22,3,2,-1275,559,-67,-49,184,-167,13,105,-577,-73,3556.8873,Wingus
33,86,-7,24,149,313,721,-177,-923,14,0,-157,29,-17,541,195,-276,-386,408,207,3827.00012,Wingus
-40,-35,-11,-25,146,22,175,11,42,-2,440,-158,250,377,-5,-16,289,-521,-115,80,2118.011771,Wingus
-1024,-117,-39,-22,-12,-61,16,-59,3,-8,65,31,1118,683,-355,-163,-145,-15,-2,-20,3145.923486,Wingus
-220,223,45,-52,63,-45,-3,11,-2,8,307,-362,83,36,412,-346,91,-91,32,12,1745.097811,Wingus
93,571,-205,129,-298,161,-388,-174,-59,-73,3,16,458,207,34,113,-23,24,151,-6,2499.786341,Wingus
-37,-367,-93,-589,23,8,454,228,-49,-234,-63,16,-29,-6,682,580,857,-592,-89,197,3984.275351,Wingus
353,-56,-2,-5,0,0,17,35,0,2,-544,733,184,-391,103,-209,29,-28,-1,-3,2025.127713,Wingus
-53,-116,6,4,-422,-29,906,-227,131,-256,169,126,-369,226,-211,-115,80,30,2,3,2752.175688,Wingus
17,-28,4,4,-50,159,-850,284,-42,47,56,-132,-188,-51,-614,-183,-113,30,99,-166,2453.378789,Wingus
-17,-7,-299,332,-482,57,-52,38,-127,47,-43,-80,-345,-227,17,84,6,14,-10,206,1961.343326,Wingus
1404,-154,322,278,44,-28,-979,-207,4,6,32,48,49,98,-160,167,41,-65,1532,35,4905.616767,Wingus
109,-27,-156,76,-171,105,6,-28,-477,74,-44,-142,7,9,25,15,6,105,-2,8,1300.462508,Wingus
-11,-10,-6,-43,0,6,-115,-119,-195,-127,-375,-54,-4,15,59,-29,49,-37,1,15,999.0477025,Wingus
18,-383,-706,-832,-133,680,-11,-39,-51,936,401,-2,-611,-437,706,-398,1296,-195,-1703,-14,8121.690581,Zack
2274,-919,126,-83,-51,160,-1229,404,-681,92,516,33,1177,509,4,-152,-91,5,0,-18,6812.966633,Zack
421,-300,91,-182,0,8,577,352,-382,319,-1366,-382,-206,72,-19,11,-14,8,7,-80,3657.021911,Zack
329,-32,-83,-20,672,425,200,-242,-1,10,-88,-7,-806,-194,14,64,10,31,681,78,3235.878264,Zack
22,188,-137,70,216,394,581,-14,-68,-11,-29,0,-13,-2,1,-22,-270,-725,678,-48,2960.02336,Zack
119,-769,261,-21,-1490,345,-627,-39,2098,-306,3,0,52,0,-1138,1508,-1261,-625,307,-815,9540.328293,Zack
54,28,0,-10,9,60,-5,12,1,609,802,-107,112,-787,150,1090,730,107,-1461,-368,5702.242012,Zack
2,59,29,89,31,35,8,-31,1476,-691,-167,-2,60,91,155,570,-529,-42,1175,-993,4796.926345,Zack
-382,618,-538,-11,-854,-384,-141,238,163,675,388,282,669,-104,-666,-707,482,411,-1089,-2,7022.459127,Zack
-1261,534,-249,-786,1150,535,184,-69,244,159,-31,144,-108,-69,-1033,-501,-206,565,209,-634,6642.489606,Zack
510,164,458,39,118,-6,-68,165,-782,-31,-600,-179,1992,-1064,-64,-14,-1,0,-554,332,5671.469369,Zack
159,7,12,3,1,1,-87,16,96,-23,-96,144,-337,838,-72,220,48,56,-55,7,1797.085674,Zack
-80,-832,-885,84,134,-733,-259,5,83,262,842,767,-57,165,-1006,-329,-5,234,770,-285,6430.91752,Zack
755,-718,-150,713,-1190,-79,-201,-562,-405,446,-9,-572,0,-622,328,0,1711,0,520,0,7915.503069,Zack
-1016,-926,-841,166,0,0,53,-304,358,129,283,-253,-1005,195,35,315,363,-42,283,-104,5308.22985,Zack
-166,-246,-878,166,-186,-107,127,-349,1119,40,392,376,-1289,-54,-77,-494,717,326,473,-271,6562.045935,Zack
92,562,-40,232,557,-442,326,-92,179,371,435,-44,-43,-501,-255,-110,-289,272,-839,353,4791.506525,Zack
-27,-326,40,-172,186,-37,618,372,626,-173,593,486,-294,-531,-373,19,-286,354,-726,116,5001.595139,Zack
-164,569,145,-439,161,-234,145,-79,3,-11,-529,-73,1,169,2431,406,-342,-569,-1569,649,7044.53841,Zack
559,568,-374,-503,-405,733,205,-537,490,435,480,193,33,-596,-401,295,-93,115,560,-1,5811.194828,Zack
-70,-159,-1419,-996,-261,16,583,-16,1959,0,0,0,0,170,0,1429,-199,0,-2360,0,8869.096273,Gunt
0,0,0,0,0,0,0,0,0,0,0,0,0,0,0,0,0,0,0,0,0,unmoving
0,0,0,0,0,0,0,0,0,0,0,0,0,0,0,0,0,0,0,0,0,unmoving
0,0,0,0,0,0,0,0,0,0,0,0,0,0,0,0,0,0,0,0,0,unmoving
0,0,0,0,0,0,0,0,0,0,0,0,0,0,0,0,0,0,0,0,0,unmoving
0,0,0,0,0,0,0,0,0,0,0,0,0,0,0,0,0,0,0,0,0,unmoving
0,0,0,0,0,0,0,0,0,0,0,0,0,0,0,0,0,0,0,0,0,unmoving
0,0,0,0,0,0,0,0,0,0,0,0,0,0,0,0,0,0,0,0,0,unmoving
0,0,0,0,0,0,0,0,0,0,0,0,0,0,0,0,0,0,0,0,0,unmoving
0,0,0,0,0,0,0,0,0,0,0,0,0,0,0,0,0,0,0,0,0,unmoving
0,0,0,0,0,0,0,0,0,0,0,0,0,0,0,0,0,0,0,0,0,unmoving
0,0,0,0,0,0,0,0,0,0,0,0,0,0,0,0,0,0,0,0,0,unmoving
0,0,0,0,0,0,0,0,0,0,0,0,0,0,0,0,0,0,0,0,0,unmoving
0,0,0,0,0,0,0,0,0,0,0,0,0,0,0,0,0,0,0,0,0,unmoving
0,0,0,0,0,0,0,0,0,0,0,0,0,0,0,0,0,0,0,0,0,unmoving
0,0,0,0,0,0,0,0,0,0,0,0,0,0,0,0,0,0,0,0,0,unmoving
0,0,0,0,0,0,0,0,0,0,0,0,0,0,0,0,0,0,0,0,0,unmoving
0,0,0,0,0,0,0,0,0,0,0,0,0,0,0,0,0,0,0,0,0,unmoving
0,0,0,0,0,0,0,0,0,0,0,0,0,0,0,0,0,0,0,0,0,unmoving
0,0,0,0,0,0,0,0,0,0,0,0,0,0,0,0,0,0,0,0,0,unmoving
0,0,0,0,0,0,0,0,0,0,0,0,0,0,0,0,0,0,0,0,0,unmoving
0,0,0,0,0,0,0,0,0,0,0,0,0,0,0,0,0,0,0,0,0,unmoving
0,0,0,0,0,0,0,0,0,0,0,0,0,0,0,0,0,0,0,0,0,unmoving
0,0,0,0,0,0,0,0,0,0,0,0,0,0,0,0,0,0,0,0,0,unmoving
0,0,0,0,0,0,0,0,0,0,0,0,0,0,0,0,0,0,0,0,0,unmoving
0,0,0,0,0,0,0,0,0,0,0,0,0,0,0,0,0,0,0,0,0,unmoving
0,0,0,0,0,0,0,0,0,0,0,0,0,0,0,0,0,0,0,0,0,unmoving
0,0,0,0,0,0,0,0,0,0,0,0,0,0,0,0,0,0,0,0,0,unmoving
0,0,0,0,0,0,0,0,0,0,0,0,0,0,0,0,0,0,0,0,0,unmoving
0,0,0,0,0,0,0,0,0,0,0,0,0,0,0,0,0,0,0,0,0,unmoving
0,0,0,0,0,0,0,0,0,0,0,0,0,0,0,0,0,0,0,0,0,unmoving
0,0,0,0,0,0,0,0,0,0,0,0,0,0,0,0,0,0,0,0,0,unmoving
0,0,0,0,0,0,0,0,0,0,0,0,0,0,0,0,0,0,0,0,0,unmoving
0,0,0,0,0,0,0,0,0,0,0,0,0,0,0,0,0,0,0,0,0,unmoving
0,0,0,0,0,0,0,0,0,0,0,0,0,0,0,0,0,0,0,0,0,unmoving
0,0,0,0,0,0,0,0,0,0,0,0,0,0,0,0,0,0,0,0,0,unmoving
0,0,0,0,0,0,0,0,0,0,0,0,0,0,0,0,0,0,0,0,0,unmoving
0,0,0,0,0,0,0,0,0,0,0,0,0,0,0,0,0,0,0,0,0,unmoving
0,0,0,0,0,0,0,0,0,0,0,0,0,0,0,0,0,0,0,0,0,unmoving
0,0,0,0,0,0,0,0,0,0,0,0,0,0,0,0,0,0,0,0,0,unmoving
0,0,0,0,0,0,0,0,0,0,0,0,0,0,0,0,0,0,0,0,0,unmoving
0,0,0,0,0,0,0,0,0,0,0,0,0,0,0,0,0,0,0,0,0,unmoving
0,0,0,0,0,0,0,0,0,0,0,0,0,0,0,0,0,0,0,0,0,unmoving
0,0,0,0,0,0,0,0,0,0,0,0,0,0,0,0,0,0,0,0,0,unmoving
0,0,0,0,0,0,0,0,0,0,0,0,0,0,0,0,0,0,0,0,0,unmoving
0,0,0,0,0,0,0,0,0,0,0,0,0,0,0,0,0,0,0,0,0,unmoving
0,0,0,0,0,0,0,0,0,0,0,0,0,0,0,0,0,0,0,0,0,unmoving
0,0,0,0,0,0,0,0,0,0,0,0,0,0,0,0,0,0,0,0,0,unmoving
0,0,0,0,0,0,0,0,0,0,0,0,0,0,0,0,0,0,0,0,0,unmoving
0,0,0,0,0,0,0,0,0,0,0,0,0,0,0,0,0,0,0,0,0,unmoving
0,0,0,0,0,0,0,0,0,0,0,0,0,0,0,0,0,0,0,0,0,unmoving
0,0,0,0,0,0,0,0,0,0,0,0,0,0,0,0,0,0,0,0,0,unmoving
0,0,0,0,0,0,0,0,0,0,0,0,0,0,0,0,0,0,0,0,0,unmoving
0,0,0,0,0,0,0,0,0,0,0,0,0,0,0,0,0,0,0,0,0,unmoving
0,0,0,0,0,0,0,0,0,0,0,0,0,0,0,0,0,0,0,0,0,unmoving
0,0,0,0,0,0,0,0,0,0,0,0,0,0,0,0,0,0,0,0,0,unmoving
0,0,0,0,0,0,0,0,0,0,0,0,0,0,0,0,0,0,0,0,0,unmoving
0,0,0,0,0,0,0,0,0,0,0,0,0,0,0,0,0,0,0,0,0,unmoving
0,0,0,0,0,0,0,0,0,0,0,0,0,0,0,0,0,0,0,0,0,unmoving
0,0,0,0,0,0,0,0,0,0,0,0,0,0,0,0,0,0,0,0,0,unmoving
0,0,0,0,0,0,0,0,0,0,0,0,0,0,0,0,0,0,0,0,0,unmoving
0,0,0,0,0,0,0,0,0,0,0,0,0,0,0,0,0,0,0,0,0,unmoving
0,0,0,0,0,0,0,0,0,0,0,0,0,0,0,0,0,0,0,0,0,unmoving
0,0,0,0,0,0,0,0,0,0,0,0,0,0,0,0,0,0,0,0,0,unmoving
0,0,0,0,0,0,0,0,0,0,0,0,0,0,0,0,0,0,0,0,0,unmoving
0,0,0,0,0,0,0,0,0,0,0,0,0,0,0,0,0,0,0,0,0,unmoving
0,0,0,0,0,0,0,0,0,0,0,0,0,0,0,0,0,0,0,0,0,unmoving
0,0,0,0,0,0,0,0,0,0,0,0,0,0,0,0,0,0,0,0,0,unmoving
0,0,0,0,0,0,0,0,0,0,0,0,0,0,0,0,0,0,0,0,0,unmoving
0,0,0,0,0,0,0,0,0,0,0,0,0,0,0,0,0,0,0,0,0,unmoving
0,0,0,0,0,0,0,0,0,0,0,0,0,0,0,0,0,0,0,0,0,unmoving
0,0,0,0,0,0,0,0,0,0,0,0,0,0,0,0,0,0,0,0,0,unmoving
0,0,0,0,0,0,0,0,0,0,0,0,0,0,0,0,0,0,0,0,0,unmoving
0,0,0,0,0,0,0,0,0,0,0,0,0,0,0,0,0,0,0,0,0,unmoving
0,0,0,0,0,0,0,0,0,0,0,0,0,0,0,0,0,0,0,0,0,unmoving
0,0,0,0,0,0,0,0,0,0,0,0,0,0,0,0,0,0,0,0,0,unmoving
0,0,0,0,0,0,0,0,0,0,0,0,0,0,0,0,0,0,0,0,0,unmoving
0,0,0,0,0,0,0,0,0,0,0,0,0,0,0,0,0,0,0,0,0,unmoving
0,0,0,0,0,0,0,0,0,0,0,0,0,0,0,0,0,0,0,0,0,unmoving
0,0,0,0,0,0,0,0,0,0,0,0,0,0,0,0,0,0,0,0,0,unmoving
0,0,0,0,0,0,0,0,0,0,0,0,0,0,0,0,0,0,0,0,0,unmoving
18,-19,790,-119,541,48,1408,91,-44,68,-121,185,-65,-39,-274,-158,-32,-9,-93,-22,3602.099769,Harrison
97,-47,-68,22,142,-49,293,181,-421,30,-108,-21,131,-44,323,-124,45,-108,-4,-12,1819.787001,Harrison
60,107,96,-73,102,41,0,0,95,-188,0,0,-163,-17,-328,0,-228,6,85,96,1412.033821,Harrison
-160,-344,0,0,547,386,426,19,-527,-334,558,137,161,36,0,0,-1080,-122,220,17,4146.293211,Harrison
-25,201,-577,-397,422,255,108,27,489,55,-573,-76,373,39,97,5,-1439,64,-435,15,4925.262296,Harrison
-1375,-132,-100,28,903,76,308,42,-643,3,-460,-325,18,-93,48,68,2,287,-26,50,4429.768354,Harrison
56,-146,11,31,-6,48,-167,-63,30,37,103,202,16,15,15,-14,0,-1,44,-169,908.589033,Harrison
-35,251,9,201,-93,55,34,-99,73,-175,28,-200,-80,-36,2,6,6,5,1037,62,2199.631172,Harrison
195,170,0,14,-980,49,-86,11,-277,-12,-38,-5,0,0,234,-46,1079,-138,0,0,2982.47843,Harrison
-1251,91,-73,-2,0,0,15,-86,169,-253,3,-6,-302,500,0,0,44,-10,844,3,3198.846592,Harrison
-46,1,-128,8,-63,-9,-103,-206,-6,-9,-528,177,-299,25,-108,31,-24,-276,0,0,1725.355663,Harrison
-58,141,68,98,1131,48,487,-39,59,-28,-29,17,11,-8,3,-144,1,-48,22,108,2307.105045,Harrison
-18,-74,14,137,-6,-24,-10,-57,-3,-67,10,-48,9,-31,73,-96,861,193,89,128,1603.727539,Harrison
227,-64,-42,210,-150,13,-597,-141,564,22,2,2,-97,35,-96,25,161,-6,197,-12,2342.05279,Harrison
-362,-49,0,-2,507,82,-104,-123,-13,-19,-1,1,7,89,-12,29,-13,13,-147,-11,1352.855394,Harrison
-238,-108,-103,15,310,286,338,97,528,-356,1,-28,0,0,-897,-104,55,108,24,43,2877.138679,Harrison
-30,-9,676,-202,-66,-69,-320,-168,-506,188,188,214,243,182,0,0,0,-24,-60,-162,2518.759907,Harrison
-257,-8,-2058,8,0,0,269,0,118,-56,806,-510,-47,-191,0,0,0,0,827,10,4692.31298,Harrison
-16,-43,-229,232,364,38,301,104,244,-71,0,0,0,0,0,0,0,0,156,-309,1656.567881,Harrison
50,-509,-134,-13,69,-13,65,685,-61,-450,-136,-54,-4,-3,373,520,156,79,261,-192,3148.635252,Harrison
-1158,69,1018,-70,451,-136,246,26,-218,175,-34,23,-140,-9,-156,-22,-157,63,-272,55,3963.993652,Harrison
-63,-124,8,-28,0,0,640,-32,-3,-4,-134,-10,-508,-12,-32,-14,-8,-157,-30,-91,1744.470296,Harrison
63,24,49,13,0,-9,-10,-56,3,-3,26,39,493,164,241,44,-755,-201,5,-42,1823.25264,Harrison
0,0,-65,-40,-50,2,-1,0,60,203,548,180,372,-31,-171,-92,-750,-179,10,0,2264.380063,Harrison
745,154,1,13,0,0,-787,-113,-421,227,-27,76,-78,-115,71,-171,0,-2,0,0,2453.923226,Harrison
79,18,-2,7,-597,233,297,-39,340,-34,-21,-12,-665,-61,-101,40,-358,145,-37,-209,2769.518306,Harrison
-3,-2,-9,5,3,2,29,39,14,42,-7,-6,-6,6,0,-3,771,-12,116,-3,1018.216023,Harrison
-912,143,65,-85,-37,-150,13,-8,0,-1,0,-6,358,78,806,148,3,0,0,0,2395.782098,Harrison
-280,-109,-148,41,-665,-18,-63,42,21,28,203,72,98,2,-251,-70,-31,2,-8,-9,1847.097192,Harrison
953,-9,0,0,-253,-25,-51,-4,0,0,2,171,-206,75,-19,-4,715,-333,-7,-11,2469.868112,Harrison
-23,-25,-424,4,-60,59,-407,81,-92,-306,-51,-124,46,-23,0,0,53,144,511,228,2175.160515,Harrison
-596,15,0,0,0,0,0,0,0,0,0,-31,4,-41,0,-1,0,0,1,0,670.3833884,Harrison
-108,35,1,-11,-1,-46,4,-4,0,0,27,99,-15,-18,-12,-63,0,-33,0,3,402.4220276,Harrison
9,137,22,199,-28,-90,-1,-45,0,-3,0,0,0,0,70,-171,386,-55,0,0,1054.445311,Harrison
-391,65,0,0,-4,-15,3,-46,-115,34,51,-6,20,11,0,0,-58,-34,-44,-1,763.3281568,Harrison
107,115,0,-12,0,-1,808,-27,-153,78,-335,313,-43,-41,-219,-479,-53,-66,0,0,2279.484827,Harrison
-24,169,13,-38,0,0,201,67,312,-36,-539,-130,2,-119,20,-6,5,6,261,403,1919.099121,Harrison
0,0,-13,0,-306,-43,-26,-28,-17,5,-8,20,0,0,0,0,0,-50,10,0,459.4771231,Harrison
838,-39,3,-1,-21,-14,-710,-19,0,0,19,0,360,-5,0,0,0,0,-4,-1,1960.72017,Harrison
-448,23,-91,-77,-104,-89,-25,174,3,-98,-21,-75,-27,-75,-8,23,-4,14,106,38,1287.625419,Harrison
1,10,5,4,1021,247,9,7,-464,79,-658,-98,-74,-114,-16,-5,0,-2,162,56,2540.322796,Harrison
-325,11,0,-3,0,0,-1,6,175,98,569,42,-499,76,-229,21,-12,23,0,-3,1869.046034,Harrison
883,-96,140,-7,7,-7,-41,-25,-656,-266,-373,-188,-134,-108,109,-15,486,-84,55,-12,3043.50823,Harrison
-234,483,-10,5,-95,-57,-1,0,106,183,115,218,78,-79,70,-35,-223,-735,-160,0,2234.987674,Harrison
154,601,431,49,268,12,10,-21,-20,-427,-4,81,304,115,-386,-37,-463,153,9,3,3064.193562,Harrison
68,-22,-123,113,-1,11,-11,-327,0,-1,44,26,1,-61,233,-85,261,-81,328,-2,1539.149801,Harrison
-536,358,-97,48,-95,4,-86,2,-14,7,-176,-74,677,-458,-237,187,-111,433,-654,-166,3381.472308,Harrison
503,5,-6,55,8,127,-61,168,-22,-89,-328,-99,-1,510,-105,-23,-113,5,-121,-505,2548.523079,Harrison
-1486,425,299,24,25,26,5,-3,267,-272,299,-105,513,-144,-1159,530,67,-50,3,32,4508.492203,Harrison
10,0,0,0,1431,-537,293,-126,-372,-2,-122,2,-15,4,-1230,253,178,-170,121,-95,4022.656016,Harrison
16,0,919,290,508,-173,218,-110,124,-155,145,-21,805,-309,-58,-16,-629,688,-26,-3,3986.31082,Harrison
528,-550,53,-9,0,0,-4,0,-1331,109,-1555,577,-93,285,-1,-5,0,0,158,-116,4315.133441,Harrison
0,0,1376,-644,44,-141,0,-12,-43,703,4,17,2,0,-24,-57,-33,-12,-2,-21,2520.786778,Harrison
-52,-47,0,0,0,0,0,0,946,57,395,-47,78,-24,10,5,409,35,-440,145,2382.155207,Harrison
292,161,0,0,0,0,0,0,0,0,0,0,0,0,0,0,0,0,43,13,378.3663031,Harrison
4,28,2,20,0,0,26,47,3,0,0,0,0,0,0,0,0,0,-120,-12,225.694726,Harrison
-22,42,-29,25,0,0,0,0,9,-59,-21,-192,-7,-84,-2,256,-4,21,397,-200,1144.737846,Harrison
174,-23,0,0,-217,80,-649,287,-25,-31,0,-1,131,-18,415,-83,-375,222,-203,138,2393.941542,Harrison
144,-128,2,0,0,0,-133,-3,-222,42,-249,5,-48,11,-10,27,0,0,-2,37,917.7782476,Harrison
-67,33,-69,-137,138,102,573,-23,96,0,-37,-17,-115,-188,-6,-35,-3,20,-43,30,1438.41406,Harrison
-253,23,16,-9,2,-1,0,-2,0,0,0,0,0,0,-62,37,-7,6,0,0,358.0575836,Harrison
-2,0,0,6,0,0,-1,25,26,-246,141,-159,-8,4,-5,3,0,0,0,0,507.6789128,Harrison
68,120,-6,17,-709,-59,-376,-167,-12,-26,613,208,169,207,36,44,2,2,-7,-52,2334.162051,Harrison
0,0,0,0,0,0,0,0,0,0,0,-2,-1234,-89,0,0,665,17,15,61,1967.239771,Harrison
23,4,0,0,0,0,-89,115,0,0,0,0,4,-18,26,-25,36,-17,3,-2,266.6879541,Harrison
-39,336,-40,1,94,-49,261,-265,-412,228,47,77,19,9,0,0,232,-214,293,-195,2105.920389,Harrison
144,-66,0,-1,154,-21,37,-131,-173,24,0,0,0,0,0,0,0,0,0,0,625.6115175,Harrison
-257,-26,-492,-250,-32,-76,0,0,0,0,0,0,0,0,0,0,186,112,34,102,1217.282034,Harrison
1048,-251,-38,-75,-301,28,-662,62,-203,10,-13,0,0,0,0,0,0,0,0,0,2345.158629,Harrison
3,7,102,98,155,93,90,48,151,61,78,41,109,34,-2,0,-241,-35,-58,-96,1154.668436,Harrison
-6,-19,0,0,828,348,-48,12,0,0,0,0,0,0,0,0,0,0,0,0,967.5602416,Harrison
49,116,0,-5,-254,12,-133,61,-17,16,0,0,0,0,0,0,0,0,0,0,554.8746859,Harrison
0,-2,0,0,0,0,0,0,166,10,28,12,-46,-15,-106,-5,0,0,0,0,353.2657651,Harrison
0,0,0,0,0,0,0,0,0,0,0,0,0,0,0,0,0,0,0,0,0,Harrison
0,0,0,0,0,0,0,0,0,1,0,0,0,0,-1553,-147,-834,-6,-97,154,2576.965995,Harrison
-16,-16,0,2,1,-1,1184,-155,138,1,0,0,0,0,0,0,0,0,-106,-107,1508.76325,Harrison
0,0,0,0,0,0,0,0,0,0,0,0,0,0,0,0,0,0,0,0,0,Harrison
0,0,-25,-81,-120,-188,-5,-10,0,0,-9,-6,-323,-83,-142,-9,-61,114,-415,180,1387.228642,Harrison
6,83,1,119,-54,37,-187,-134,-6,-22,-79,-169,-52,-81,55,-2,645,40,483,5,1987.64771,Harrison
0,0,0,0,0,0,318,33,464,20,232,18,225,-14,342,-70,83,11,-381,-177,2095.193995,Harrison
